employee_key,employee_id,employee_name,employee_title,employee_city,employee_country,manager_id,manager_name,manager_title
1,1,Nancy Davolio,Sales Representative,New York,USA,8,Laura Callahan,Sales Manager
2,2,Andrew Fuller,Vice President Sales,New York,USA,0,None,None
3,3,Janet Leverling,Sales Representative,New York,USA,8,Laura Callahan,Sales Manager
4,4,Margaret Peacock,Sales Representative,New York,USA,8,Laura Callahan,Sales Manager
5,5,Steven Buchanan,Sales Manager,London,UK,2,Andrew Fuller,Vice President Sales
6,6,Michael Suyama,Sales Representative,London,UK,5,Steven Buchanan,Sales Manager
7,7,Robert King,Sales Representative,London,UK,5,Steven Buchanan,Sales Manager
8,8,Laura Callahan,Sales Manager,New York,USA,2,Andrew Fuller,Vice President Sales
9,9,Anne Dodsworth,Sales Representative,London,UK,5,Steven Buchanan,Sales Manager
